{"cameraMode":{"drawMode":0,"name":"Shaded","section":"Shading Mode"},"sceneLighting":false,"audioPlay":false,"sceneViewState":{"m_AlwaysRefresh":false,"showFog":true,"showSkybox":true,"showFlares":true,"showImageEffects":true,"showParticleSystems":true,"showVisualEffectGraphs":true,"m_FxEnabled":true},"in2DMode":false,"pivot":{"x":257.5025329589844,"y":143.46360778808595,"z":3.888573408126831},"rotation":{"x":-0.014689204283058644,"y":-0.012003484182059765,"z":-0.00017468229634687304,"w":0.9998229146003723},"size":251.0205841064453,"orthographic":false}